token_id,
128278,
128279,
128280,
128281,
128282,
128283,
128284,
128285,
128286,
128287,
128288,
128289,
128291,
128298,
128299,
128300,
128301,
128302,
128303,
128360,
128361,
128362,
128363,
128364,
128365,
128366,
128367,
128368,
128369,
128370,
128371,
128372,
128373,
128374,
128375,
128376,
128377,
128378,
128379,
128380,
128381,
128382,
128383,
128384,
128385,
128386,
128387,
128388,
128389,
128390,
128391,
128392,
128393,
128394,
128395,
128396,
128397,
128398,
128399,
128460,
128461,
128462,
128464,
128465,
128466,
128467,
128468,
128469,
128470,
128471,
128472,
128473,
128474,
128475,
128476,
128477,
128478,
128479,
128480,
128481,
128482,
128483,
128484,
128485,
128486,
128487,
128488,
128489,
128490,
128491,
128492,
128493,
128494,
128495,
128496,
128497,
128498,
128500,
128501,
128502,
128503,
128504,
128505,
128506,
128507,
128508,
128509,
128510,
128511,
128512,
128513,
128514,
128515,
128516,
128517,
128519,
128556,
128557,
128558,
128559,
128560,
128561,
128562,
128563,
128564,
128565,
128566,
128567,
128571,
128572,
128573,
128574,
128575,
128576,
128577,
128578,
128579,
128580,
128582,
128583,
128584,
128585,
128586,
128587,
128588,
128589,
128590,
128591,
128616,
128617,
128618,
128619,
128620,
128622,
128623,
128624,
128625,
128626,
128627,
128628,
128629,
128630,
128631,
128632,
128633,
128634,
128635,
128636,
128637,
128638,
128673,
128674,
128675,
128676,
128677,
128678,
128679,
128680,
128681,
128682,
128683,
128684,
128685,
128686,
128687,
128688,
128689,
128690,
128691,
128692,
128693,
128694,
128695,
128696,
128697,
128698,
128699,
128706,
128707,
128708,
128709,
128710,
128711,
128767,
128769,
128770,
128771,
128772,
128773,
128774,
128775,
128776,
128778,
128779,
128780,
128781,
128782,
128785,
128786,
128787,
128788,
128790,
128791,
128793,
128794,
128795,
128796,
128798,
128799,
128800,
128801,
128802,
128803,
128804,
128805,
128806,
128807,
128868,
128869,
128870,
128871,
128872,
128873,
128874,
128875,
128876,
128877,
128878,
128879,
128880,
128881,
128882,
128883,
128884,
128885,
128886,
128887,
128888,
128889,
128890,
128891,
128892,
128893,
128894,
128895,
128896,
128897,
128898,
128899,
128900,
128901,
128902,
128903,
128904,
128905,
128906,
128907,
128908,
128909,
128910,
128911,
128912,
128913,
128914,
128915,
128916,
128917,
128918,
128919,
128920,
128921,
128922,
128923,
128924,
128925,
128926,
128927,
128964,
128965,
128966,
128967,
128968,
128969,
128970,
128971,
128972,
128973,
128974,
128975,
128979,
128980,
128981,
128982,
128983,
128984,
128985,
128986,
128987,
128988,
128989,
128990,
128991,
128992,
128994,
128995,
128997,
128998,
129024,
129025,
129026,
129027,
129028,
129029,
129030,
129031,
129032,
129033,
129034,
129035,
129036,
129037,
129038,
129039,
129040,
129041,
129042,
129043,
129044,
129045,
129046,
129047,
129081,
129082,
129083,
129084,
129085,
129086,
129087,
129088,
129089,
129090,
129091,
129092,
129093,
129094,
129095,
129096,
129097,
129099,
129100,
129101,
129102,
129103,
129104,
129105,
129106,
129114,
129115,
129116,
129117,
129118,
129119,
129174,
129175,
129176,
129177,
129178,
129179,
129180,
129182,
129183,
129184,
129185,
129186,
129187,
129188,
129189,
129190,
129191,
129192,
129193,
129194,
129195,
129196,
129197,
129198,
129199,
129200,
129201,
129202,
129204,
129205,
129206,
129207,
129208,
129209,
129211,
129212,
129215,
129276,
129277,
129278,
129279,
129280,
129281,
129282,
129283,
129284,
129285,
129286,
129287,
129288,
129289,
129290,
129291,
129292,
129293,
129294,
129295,
129296,
129297,
129298,
129299,
129300,
129301,
129302,
129303,
129304,
129305,
129306,
129307,
129308,
129309,
129310,
129311,
129312,
129313,
129314,
129315,
129316,
129317,
129318,
129319,
129320,
129321,
129322,
129323,
129324,
129325,
129326,
129327,
129328,
129329,
129330,
129331,
129332,
129333,
129334,
129335,
129372,
129373,
129374,
129375,
129376,
129377,
129378,
129379,
129380,
129381,
129382,
129383,
129387,
129388,
129389,
129390,
129391,
129392,
129393,
129394,
129396,
129397,
129398,
129399,
129400,
129401,
129402,
129403,
129404,
129405,
129406,
129407,
129432,
129433,
129434,
129436,
129437,
129438,
129439,
129440,
129441,
129442,
129443,
129444,
129445,
129446,
129448,
129449,
129450,
129451,
129452,
129454,
129455,
129489,
129491,
129492,
129493,
129494,
129495,
129496,
129497,
129498,
129499,
129500,
129501,
129502,
129503,
129504,
129505,
129506,
129507,
129508,
129509,
129510,
129511,
129512,
129513,
129514,
129515,
129522,
129523,
129524,
129525,
129526,
129527,
129582,
129583,
129584,
129585,
129586,
129587,
129588,
129589,
129590,
129591,
129592,
129593,
129594,
129595,
129596,
129597,
129598,
129599,
129600,
129601,
129603,
129604,
129605,
129606,
129608,
129609,
129610,
129611,
129612,
129613,
129614,
129615,
129616,
129617,
129618,
129619,
129620,
129621,
129622,
129623,
129684,
129685,
129686,
129687,
129688,
129689,
129690,
129691,
129692,
129693,
129694,
129695,
129696,
129697,
129698,
129699,
129700,
129701,
129702,
129703,
129704,
129705,
129706,
129707,
129708,
129709,
129710,
129711,
129712,
129713,
129714,
129715,
129716,
129717,
129718,
129719,
129720,
129721,
129722,
129723,
129724,
129725,
129726,
129727,
129728,
129729,
129730,
129731,
129732,
129733,
129734,
129735,
129736,
129737,
129738,
129739,
129740,
129741,
129742,
129743,
129780,
129781,
129782,
129783,
129784,
129785,
129786,
129787,
129788,
129789,
129790,
129791,
129792,
129793,
129794,
129795,
129797,
129798,
129799,
129801,
129802,
129803,
129804,
129805,
129806,
129807,
129808,
129809,
129810,
129811,
129812,
129813,
129814,
129815,
129840,
129841,
129842,
129843,
129844,
129845,
129846,
129847,
129848,
129849,
129850,
129851,
129852,
129853,
129854,
129855,
129856,
129857,
129858,
129859,
129860,
129861,
129862,
129863,
129897,
129898,
129899,
129900,
129901,
129902,
129903,
129904,
129905,
129906,
129907,
129908,
129909,
129910,
129911,
129912,
129913,
129914,
129915,
129916,
129917,
129918,
129919,
129920,
129921,
129922,
129923,
129927,
129928,
129929,
129931,
129932,
129984,
129985,
129988,
129990,
129991,
129992,
129993,
129994,
129995,
129996,
129997,
129998,
129999,
130000,
130001,
130008,
130009,
130010,
130011,
130012,
130014,
130015,
130016,
130017,
130018,
130019,
130020,
130022,
130023,
130024,
130025,
130026,
130027,
130028,
130030,
130031,
130092,
130093,
130094,
130095,
130096,
130097,
130104,
130105,
130106,
130107,
130108,
130109,
130110,
130111,
130112,
130113,
130114,
130115,
130116,
130117,
130118,
130119,
130120,
130121,
130122,
130123,
130124,
130125,
130126,
130127,
130128,
130129,
130130,
130131,
130132,
130133,
130134,
130135,
130136,
130137,
130138,
130139,
130140,
130141,
130142,
130143,
130144,
130145,
130146,
130147,
130148,
130149,
130151,
130188,
130189,
130190,
130191,
130192,
130193,
130194,
130195,
130196,
130197,
130198,
130199,
130200,
130202,
130203,
130204,
130205,
130206,
130207,
130209,
130210,
130212,
130213,
130215,
130216,
130217,
130218,
130219,
130220,
130221,
130222,
130223,
130248,
130249,
130250,
130251,
130252,
130253,
130254,
130255,
130257,
130258,
130259,
130260,
130261,
130262,
130263,
130264,
130265,
130266,
130267,
130268,
130269,
130270,
130271,
130305,
130307,
130308,
130309,
130310,
130311,
130312,
130313,
130314,
130315,
130316,
130317,
130318,
130319,
130320,
130321,
130322,
130323,
130324,
130325,
130326,
130327,
130328,
130329,
130330,
130331,
130335,
130336,
130337,
130339,
130340,
130392,
130393,
130394,
130395,
130396,
130397,
130398,
130399,
130400,
130401,
130402,
130403,
130404,
130405,
130406,
130407,
130408,
130409,
130416,
130417,
130418,
130420,
130421,
130422,
130424,
130425,
130426,
130427,
130428,
130430,
130431,
130432,
130433,
130434,
130435,
130437,
130438,
130439,
130500,
130501,
130502,
130503,
130504,
130505,
130512,
130513,
130514,
130515,
130516,
130517,
130518,
130519,
130520,
130521,
130522,
130523,
130524,
130525,
130526,
130527,
130528,
130529,
130530,
130531,
130532,
130533,
130534,
130535,
130536,
130537,
130538,
130539,
130540,
130541,
130542,
130543,
130544,
130545,
130546,
130547,
130548,
130549,
130550,
130551,
130552,
130553,
130555,
130556,
130557,
130558,
130559,
130596,
130597,
130598,
130599,
130600,
130601,
130602,
130603,
130604,
130605,
130606,
130607,
130608,
130609,
130610,
130611,
130612,
130613,
130614,
130615,
130617,
130618,
130619,
130620,
130621,
130622,
130623,
130624,
130625,
130626,
130627,
130628,
130629,
130630,
130631,
130656,
130657,
130658,
130660,
130661,
130662,
130663,
130664,
130665,
130666,
130667,
130668,
130669,
130670,
130671,
130673,
130674,
130675,
130676,
130677,
130678,
130713,
130714,
130715,
130716,
130717,
130718,
130719,
130720,
130721,
130722,
130723,
130724,
130725,
130726,
130727,
130728,
130730,
130731,
130732,
130733,
130734,
130735,
130736,
130737,
130739,
130743,
130744,
130745,
130746,
130747,
130748,
130800,
130801,
130802,
130803,
130804,
130805,
130806,
130807,
130808,
130809,
130810,
130812,
130813,
130814,
130815,
130816,
130817,
130824,
130825,
130826,
130828,
130830,
130831,
130832,
130833,
130834,
130835,
130836,
130837,
130838,
130839,
130840,
130841,
130842,
130843,
130844,
130845,
130846,
130847,
130908,
130909,
130910,
130911,
130912,
130913,
130920,
130921,
130922,
130923,
130924,
130925,
130926,
130927,
130928,
130929,
130930,
130931,
130932,
130933,
130934,
130935,
130936,
130937,
130938,
130939,
130940,
130941,
130942,
130943,
130944,
130945,
130946,
130947,
130948,
130949,
130950,
130951,
130952,
130953,
130954,
130955,
130956,
130957,
130959,
130960,
130961,
130962,
130963,
130964,
130965,
130966,
130967,
131004,
131005,
131006,
131007,
131008,
131009,
131010,
131011,
131012,
131013,
131014,
131015,
131016,
131017,
131018,
131019,
131020,
131021,
131022,
131023,
131024,
131025,
131026,
131027,
131028,
131029,
131030,
131031,
131032,
131033,
131034,
131035,
131036,
131064,
131065,
131066,
131067,
131068,
131069,
131070,
131071,
131072,
131073,
131074,
131075,
131079,
131080,
131081,
131082,
131083,
131084,
131085,
131086,
131087,
131100,
131101,
131102,
131103,
131104,
131121,
131122,
131123,
131124,
131125,
131126,
131127,
131128,
131129,
131130,
131131,
131132,
131133,
131134,
131135,
131136,
131137,
131138,
131139,
131140,
131141,
131142,
131143,
131144,
131145,
131146,
131147,
131148,
131149,
131150,
131151,
131153,
131155,
131156,
131208,
131210,
131211,
131212,
131213,
131214,
131215,
131216,
131218,
131219,
131220,
131221,
131222,
131223,
131224,
131225,
131232,
131234,
131235,
131238,
131239,
131240,
131242,
131245,
131246,
131247,
131248,
131250,
131251,
131252,
131253,
131255,
131316,
131317,
131318,
131319,
131321,
131328,
131329,
131330,
131331,
131332,
131333,
131334,
131335,
131336,
131337,
131338,
131339,
131340,
131341,
131342,
131343,
131344,
131345,
131346,
131347,
131348,
131349,
131350,
131351,
131352,
131353,
131354,
131355,
131356,
131357,
131358,
131360,
131361,
131362,
131363,
131364,
131365,
131366,
131367,
131368,
131369,
131370,
131371,
131372,
131412,
131413,
131414,
131415,
131416,
131417,
131418,
131419,
131420,
131421,
131422,
131423,
131424,
131425,
131426,
131427,
131429,
131430,
131431,
131432,
131433,
131434,
131435,
131436,
131438,
131439,
131440,
131441,
131442,
131443,
131444,
131472,
131473,
131474,
131475,
131476,
131477,
131478,
131479,
131480,
131481,
131482,
131487,
131488,
131489,
131490,
131491,
131493,
131494,
131495,
131508,
131510,
131511,
131512,
131513,
131514,
131515,
131516,
131517,
131519,
131520,
131522,
131523,
131524,
131525,
131526,
131528,
131530,
131531,
131532,
131533,
131534,
131535,
131536,
131537,
131538,
131539,
131540,
131541,
131542,
131543,
131544,
131545,
131546,
131547,
131548,
131549,
131550,
131551,
131552,
131553,
131555,
131556,
131557,
131558,
131559,
131560,
131561,
131562,
131563,
131564,
131616,
131617,
131618,
131619,
131620,
131621,
131622,
131623,
131624,
131625,
131626,
131627,
131628,
131629,
131631,
131632,
131633,
131640,
131646,
131647,
131648,
131651,
131654,
131656,
131657,
131658,
131659,
131660,
131661,
131662,
131663,
131724,
131725,
131726,
131727,
131728,
131729,
131736,
131737,
131738,
131739,
131740,
131741,
131742,
131743,
131744,
131745,
131746,
131747,
131748,
131749,
131750,
131751,
131752,
131753,
131754,
131755,
131756,
131757,
131758,
131759,
131760,
131761,
131762,
131763,
131764,
131765,
131766,
131767,
131768,
131769,
131770,
131771,
131772,
131773,
131774,
131775,
131776,
131777,
131778,
131779,
131780,
131820,
131821,
131822,
131823,
131824,
131825,
131826,
131827,
131828,
131829,
131830,
131831,
131832,
131833,
131834,
131835,
131836,
131837,
131838,
131839,
131840,
131841,
131842,
131843,
131844,
131845,
131846,
131847,
131848,
131850,
131851,
131852,
131880,
131882,
131883,
131884,
131886,
131887,
131888,
131889,
131890,
131891,
131895,
131896,
131898,
131899,
131900,
131901,
131902,
131903,
131916,
131917,
131918,
131920,
131921,
131922,
131923,
131924,
131925,
131926,
131927,
131928,
131929,
131930,
131931,
131932,
131933,
131934,
131935,
131936,
131937,
131938,
131940,
131941,
131942,
131943,
131944,
131945,
131946,
131947,
131948,
131949,
131950,
131951,
131952,
131953,
131954,
131955,
131956,
131957,
131958,
131959,
131960,
131961,
131962,
131963,
131964,
131966,
131967,
131968,
131969,
131970,
131971,
131972,
132024,
132025,
132026,
132027,
132029,
132030,
132032,
132033,
132034,
132035,
132036,
132037,
132038,
132039,
132040,
132041,
132048,
132049,
132050,
132051,
132052,
132053,
132054,
132055,
132056,
132057,
132059,
132062,
132063,
132064,
132065,
132067,
132068,
132069,
132071,
132132,
132133,
132134,
132135,
132136,
132137,
132144,
132145,
132146,
132147,
132148,
132149,
132150,
132151,
132152,
132153,
132154,
132155,
132156,
132157,
132158,
132159,
132160,
132161,
132162,
132163,
132164,
132165,
132166,
132167,
132168,
132169,
132170,
132171,
132172,
132173,
132174,
132175,
132176,
132177,
132178,
132179,
132180,
132181,
132182,
132183,
132184,
132185,
132186,
132187,
132188,
132222,
132223,
132224,
132225,
132226,
132227,
132228,
132229,
132231,
132233,
132234,
132235,
132236,
132237,
132238,
132252,
132253,
132254,
132255,
132256,
132257,
132258,
132259,
132260,
132261,
132262,
132263,
132288,
132289,
132290,
132291,
132292,
132293,
132294,
132295,
132297,
132298,
132299,
132300,
132301,
132302,
132303,
132304,
132305,
132306,
132307,
132308,
132309,
132310,
132311,
132342,
132343,
132344,
132346,
132347,
132348,
132349,
132350,
132351,
132352,
132353,
132354,
132355,
132356,
132357,
132358,
132359,
132366,
132367,
132368,
132369,
132370,
132371,
132372,
132373,
132374,
132375,
132377,
132378,
132379,
132380,
132381,
132382,
132383,
132432,
132433,
132434,
132436,
132437,
132438,
132439,
132440,
132441,
132442,
132444,
132445,
132446,
132447,
132448,
132449,
132450,
132451,
132452,
132453,
132454,
132455,
132468,
132469,
132470,
132471,
132472,
132473,
132474,
132475,
132476,
132477,
132478,
132479,
132540,
132542,
132543,
132544,
132545,
132546,
132547,
132548,
132549,
132550,
132551,
132552,
132553,
132554,
132555,
132556,
132557,
132558,
132559,
132560,
132561,
132562,
132563,
132564,
132565,
132566,
132567,
132568,
132569,
132570,
132571,
132572,
132573,
132574,
132575,
132576,
132577,
132578,
132579,
132580,
132581,
132582,
132583,
132584,
132585,
132586,
132587,
132588,
132589,
132590,
132591,
132592,
132593,
132594,
132595,
132596,
132597,
132598,
132599,
132627,
132628,
132629,
132630,
132632,
132633,
132635,
132636,
132637,
132638,
132639,
132640,
132641,
132642,
132643,
132645,
132646,
132647,
132660,
132661,
132662,
132663,
132664,
132665,
132666,
132667,
132668,
132669,
132670,
132671,
132696,
132697,
132698,
132699,
132700,
132701,
132702,
132703,
132704,
132705,
132706,
132707,
132708,
132709,
132710,
132711,
132712,
132713,
132714,
132715,
132716,
132717,
132718,
132719,
132750,
132751,
132752,
132753,
132754,
132755,
132756,
132758,
132759,
132760,
132761,
132762,
132763,
132764,
132765,
132766,
132767,
132774,
132775,
132776,
132778,
132781,
132782,
132783,
132784,
132785,
132786,
132787,
132788,
132789,
132790,
132791,
132840,
132841,
132843,
132844,
132845,
132846,
132847,
132848,
132850,
132851,
132852,
132853,
132854,
132855,
132856,
132857,
132858,
132859,
132860,
132861,
132862,
132863,
132876,
132877,
132878,
132879,
132880,
132881,
132882,
132883,
132885,
132886,
132887,
132948,
132949,
132950,
132951,
132952,
132953,
132954,
132955,
132956,
132957,
132958,
132959,
132960,
132961,
132962,
132963,
132964,
132965,
132966,
132967,
132968,
132969,
132970,
132971,
132972,
132973,
132974,
132975,
132976,
132977,
132978,
132979,
132980,
132981,
132982,
132983,
132984,
132985,
132986,
132987,
132988,
132989,
132990,
132991,
132992,
132993,
132994,
132995,
132996,
132997,
132998,
132999,
133000,
133001,
133002,
133003,
133005,
133006,
133007,
133035,
133036,
133038,
133039,
133040,
133041,
133042,
133043,
133044,
133045,
133046,
133047,
133049,
133050,
133051,
133052,
133053,
133054,
133055,
133068,
133069,
133071,
133072,
133073,
133074,
133075,
133076,
133077,
133078,
133079,
133104,
133105,
133106,
133107,
133108,
133109,
133111,
133112,
133113,
133114,
133115,
133116,
133117,
133118,
133119,
133120,
133121,
133122,
133123,
133124,
133125,
133126,
133127,
133158,
133160,
133161,
133162,
133163,
133164,
133165,
133166,
133167,
133168,
133169,
133170,
133171,
133172,
133173,
133174,
133175,
133182,
133183,
133184,
133185,
133186,
133187,
133188,
133189,
133192,
133194,
133195,
133196,
133198,
133199,
133248,
133249,
133250,
133251,
133252,
133253,
133254,
133255,
133256,
133257,
133258,
133259,
133260,
133261,
133262,
133263,
133264,
133265,
133266,
133267,
133268,
133269,
133270,
133271,
133284,
133286,
133287,
133288,
133289,
133290,
133291,
133292,
133293,
133294,
133295,
133356,
133357,
133358,
133359,
133360,
133361,
133362,
133363,
133364,
133365,
133366,
133367,
133368,
133369,
133370,
133371,
133372,
133373,
133374,
133375,
133376,
133377,
133378,
133379,
133380,
133381,
133382,
133383,
133384,
133385,
133386,
133387,
133388,
133389,
133390,
133391,
133392,
133393,
133394,
133395,
133396,
133397,
133398,
133399,
133400,
133401,
133402,
133403,
133404,
133405,
133406,
133407,
133408,
133409,
133410,
133411,
133412,
133413,
133414,
133415,
133439,
133440,
133441,
133442,
133443,
133444,
133446,
133447,
133448,
133449,
133450,
133451,
133452,
133454,
133455,
133456,
133457,
133458,
133459,
133460,
133462,
133463,
133476,
133477,
133478,
133479,
133480,
133482,
133483,
133484,
133485,
133486,
133487,
133513,
133514,
133518,
133519,
133520,
133521,
133522,
133523,
133524,
133525,
133526,
133527,
133528,
133529,
133530,
133531,
133532,
133533,
133534,
133535,
133566,
133567,
133568,
133570,
133571,
133572,
133573,
133574,
133575,
133577,
133578,
133579,
133580,
133581,
133582,
133583,
133590,
133591,
133593,
133594,
133595,
133596,
133598,
133599,
133600,
133602,
133604,
133605,
133606,
133607,
133659,
133660,
133661,
133662,
133663,
133664,
133665,
133666,
133668,
133669,
133670,
133671,
133672,
133673,
133674,
133675,
133676,
133677,
133678,
133679,
133692,
133693,
133694,
133695,
133696,
133697,
133698,
133699,
133701,
133702,
133703,
133765,
133766,
133767,
133768,
133769,
133770,
133771,
133773,
133774,
133775,
133776,
133777,
133778,
133779,
133780,
133781,
133782,
133783,
133784,
133785,
133786,
133787,
133788,
133789,
133790,
133791,
133792,
133793,
133794,
133795,
133796,
133797,
133798,
133799,
133800,
133801,
133802,
133803,
133804,
133805,
133806,
133807,
133808,
133809,
133810,
133811,
133812,
133813,
133814,
133818,
133819,
133820,
133821,
133822,
133823,
133824,
133825,
133827,
133828,
133829,
133830,
133832,
133833,
133834,
133835,
133837,
133838,
133839,
133840,
133841,
133842,
133843,
133845,
133846,
133847,
133848,
133849,
133850,
133851,
133852,
133853,
133856,
133857,
133858,
133859,
133861,
133863,
133864,
133865,
133866,
133867,
133868,
133869,
133870,
133871,
133884,
133885,
133886,
133887,
133888,
133889,
133890,
133891,
133892,
133893,
133894,
133895,
133920,
133921,
133922,
133926,
133927,
133928,
133929,
133930,
133931,
133932,
133933,
133934,
133936,
133937,
133938,
133939,
133940,
133941,
133942,
133943,
133974,
133975,
133976,
133977,
133978,
133979,
133980,
133981,
133982,
133984,
133986,
133987,
133988,
133989,
133990,
133991,
133998,
133999,
134000,
134001,
134002,
134003,
134004,
134005,
134006,
134007,
134008,
134009,
134010,
134011,
134012,
134014,
134015,
134067,
134068,
134070,
134071,
134073,
134074,
134075,
134076,
134077,
134078,
134079,
134080,
134081,
134082,
134083,
134084,
134085,
134086,
134087,
134100,
134101,
134102,
134103,
134104,
134105,
134106,
134107,
134108,
134109,
134110,
134111,
134175,
134176,
134177,
134178,
134179,
134180,
134181,
134182,
134183,
134184,
134185,
134186,
134187,
134188,
134189,
134190,
134191,
134192,
134193,
134194,
134195,
134196,
134197,
134198,
134199,
134200,
134201,
134202,
134203,
134204,
134205,
134206,
134207,
134208,
134209,
134210,
134211,
134212,
134213,
134214,
134215,
134216,
134217,
134218,
134219,
134220,
134221,
134222,
134226,
134227,
134228,
134229,
134230,
134231,
134233,
134234,
134235,
134236,
134237,
134238,
134239,
134240,
134241,
134243,
134244,
134245,
134246,
134248,
134250,
134251,
134252,
134253,
134255,
134256,
134258,
134259,
134260,
134261,
134262,
134263,
134264,
134265,
134267,
134268,
134269,
134270,
134271,
134272,
134273,
134274,
134275,
134276,
134277,
134278,
134292,
134293,
134294,
134295,
134296,
134297,
134298,
134299,
134300,
134301,
134302,
134303,
134328,
134330,
134334,
134335,
134337,
134338,
134339,
134340,
134341,
134342,
134343,
134344,
134345,
134346,
134347,
134348,
134349,
134350,
134351,
134382,
134384,
134386,
134387,
134388,
134389,
134390,
134391,
134392,
134393,
134394,
134395,
134396,
134397,
134398,
134399,
134406,
134407,
134408,
134409,
134410,
134411,
134412,
134413,
134414,
134415,
134416,
134417,
134418,
134419,
134420,
134421,
134422,
134423,
134475,
134476,
134477,
134479,
134480,
134481,
134482,
134483,
134484,
134485,
134486,
134487,
134488,
134489,
134490,
134491,
134492,
134493,
134494,
134495,
134508,
134509,
134510,
134511,
134513,
134514,
134515,
134516,
134517,
134518,
134519,
134583,
134584,
134585,
134586,
134587,
134588,
134589,
134590,
134591,
134592,
134593,
134594,
134595,
134596,
134597,
134598,
134599,
134600,
134601,
134602,
134603,
134604,
134605,
134606,
134607,
134608,
134609,
134610,
134611,
134612,
134613,
134614,
134615,
134616,
134617,
134618,
134619,
134620,
134621,
134622,
134623,
134624,
134625,
134626,
134627,
134628,
134629,
134630,
134634,
134635,
134636,
134637,
134638,
134639,
134640,
134641,
134644,
134645,
134646,
134647,
134648,
134649,
134650,
134651,
134654,
134655,
134656,
134657,
134658,
134659,
134661,
134662,
134663,
134664,
134665,
134666,
134667,
134668,
134670,
134671,
134672,
134673,
134674,
134675,
134676,
134677,
134678,
134679,
134680,
134681,
134682,
134683,
134684,
134685,
134686,
134687,
134700,
134701,
134702,
134704,
134705,
134706,
134707,
134709,
134710,
134711,
134736,
134737,
134738,
134739,
134740,
134741,
134742,
134743,
134744,
134745,
134746,
134748,
134749,
134750,
134751,
134752,
134753,
134754,
134755,
134756,
134757,
134759,
134760,
134761,
134762,
134763,
134764,
134765,
134766,
134767,
134768,
134769,
134770,
134771,
134784,
134785,
134786,
134787,
134788,
134789,
134790,
134791,
134792,
134793,
134794,
134795,
134796,
134797,
134798,
134799,
134800,
134801,
134802,
134803,
134804,
134805,
134806,
134807,
134808,
134809,
134810,
134811,
134812,
134813,
134814,
134816,
134817,
134818,
134820,
134821,
134823,
134824,
134825,
134826,
134827,
134829,
134830,
134831,
134880,
134881,
134882,
134883,
134884,
134885,
134886,
134887,
134888,
134889,
134890,
134891,
134892,
134893,
134894,
134895,
134896,
134897,
134898,
134899,
134900,
134901,
134902,
134903,
134916,
134917,
134918,
134919,
134920,
134921,
134923,
134924,
134925,
134926,
134991,
134992,
134993,
134994,
134995,
134996,
134997,
134998,
134999,
135000,
135001,
135002,
135003,
135004,
135005,
135006,
135007,
135008,
135009,
135010,
135011,
135012,
135013,
135014,
135015,
135016,
135017,
135018,
135019,
135020,
135021,
135022,
135023,
135024,
135025,
135026,
135027,
135028,
135029,
135030,
135031,
135032,
135033,
135034,
135035,
135036,
135037,
135038,
135039,
135040,
135041,
135042,
135043,
135044,
135045,
135046,
135047,
135048,
135049,
135050,
135051,
135052,
135053,
135055,
135056,
135057,
135059,
135060,
135061,
135062,
135063,
135065,
135066,
135067,
135068,
135069,
135071,
135072,
135073,
135074,
135075,
135077,
135078,
135079,
135080,
135081,
135082,
135083,
135084,
135085,
135086,
135087,
135088,
135089,
135090,
135091,
135092,
135094,
135095,
135108,
135109,
135110,
135111,
135112,
135113,
135114,
135115,
135116,
135117,
135118,
135119,
135144,
135145,
135146,
135147,
135148,
135149,
135150,
135151,
135152,
135153,
135154,
135155,
135156,
135157,
135158,
135159,
135160,
135161,
135163,
135164,
135165,
135166,
135167,
135169,
135170,
135171,
135172,
135173,
135175,
135176,
135177,
135179,
135192,
135194,
135196,
135197,
135198,
135200,
135201,
135203,
135205,
135206,
135207,
135209,
135210,
135211,
135212,
135213,
135214,
135216,
135217,
135218,
135219,
135221,
135222,
135223,
135224,
135225,
135226,
135227,
135228,
135229,
135230,
135231,
135232,
135233,
135234,
135236,
135237,
135238,
135239,
135288,
135289,
135290,
135291,
135293,
135295,
135297,
135298,
135299,
135300,
135301,
135302,
135303,
135304,
135305,
135306,
135307,
135308,
135309,
135310,
135311,
135324,
135326,
135327,
135330,
135331,
135332,
135333,
135334,
135335,
135399,
135400,
135401,
135402,
135403,
135404,
135405,
135406,
135407,
135408,
135409,
135410,
135411,
135412,
135413,
135414,
135415,
135416,
135417,
135418,
135419,
135420,
135421,
135422,
135423,
135424,
135425,
135426,
135427,
135428,
135429,
135430,
135431,
135432,
135433,
135434,
135435,
135436,
135437,
135438,
135439,
135440,
135441,
135442,
135443,
135444,
135445,
135446,
135447,
135448,
135449,
135450,
135451,
135452,
135453,
135454,
135455,
135456,
135457,
135458,
135461,
135462,
135463,
135464,
135465,
135466,
135468,
135469,
135471,
135472,
135473,
135474,
135475,
135476,
135477,
135479,
135480,
135482,
135483,
135484,
135485,
135486,
135487,
135488,
135489,
135490,
135491,
135492,
135493,
135494,
135495,
135496,
135497,
135498,
135499,
135500,
135501,
135502,
135503,
135516,
135517,
135518,
135519,
135520,
135521,
135522,
135523,
135524,
135525,
135526,
135527,
135552,
135553,
135554,
135555,
135556,
135557,
135558,
135559,
135560,
135561,
135562,
135563,
135564,
135565,
135566,
135568,
135569,
135570,
135571,
135572,
135573,
135574,
135575,
135576,
135577,
135578,
135579,
135580,
135581,
135582,
135583,
135585,
135586,
135587,
135600,
135601,
135602,
135603,
135604,
135606,
135607,
135608,
135609,
135610,
135611,
135612,
135613,
135614,
135615,
135616,
135617,
135618,
135620,
135622,
135623,
135624,
135626,
135627,
135628,
135629,
135630,
135631,
135632,
135633,
135634,
135635,
135636,
135637,
135638,
135639,
135640,
135641,
135642,
135644,
135646,
135696,
135697,
135698,
135699,
135701,
135702,
135703,
135704,
135705,
135706,
135707,
135708,
135709,
135710,
135711,
135712,
135713,
135714,
135715,
135716,
135717,
135718,
135719,
135732,
135734,
135736,
135737,
135738,
135739,
135740,
135742,
135743,
135806,
135807,
135808,
135809,
135810,
135811,
135812,
135813,
135814,
135815,
135816,
135817,
135818,
135819,
135820,
135821,
135822,
135823,
135824,
135825,
135826,
135827,
135828,
135829,
135830,
135831,
135832,
135833,
135834,
135835,
135836,
135837,
135838,
135839,
135840,
135841,
135842,
135843,
135844,
135845,
135846,
135847,
135848,
135849,
135850,
135851,
135852,
135853,
135854,
135855,
135856,
135857,
135858,
135859,
135860,
135861,
135862,
135863,
135864,
135865,
135866,
135867,
135868,
135869,
135870,
135872,
135873,
135874,
135875,
135876,
135877,
135878,
135879,
135880,
135881,
135883,
135885,
135886,
135887,
135888,
135889,
135890,
135891,
135892,
135894,
135895,
135896,
135897,
135898,
135899,
135900,
135901,
135902,
135903,
135904,
135905,
135907,
135908,
135909,
135910,
135911,
135924,
135925,
135926,
135927,
135929,
135933,
135934,
135935,
135960,
135961,
135963,
135964,
135965,
135966,
135967,
135968,
135969,
135970,
135971,
135972,
135973,
135974,
135975,
135976,
135977,
135978,
135979,
135980,
135981,
135982,
135983,
135984,
135985,
135987,
135988,
135989,
135990,
135991,
135992,
135993,
135994,
136008,
136010,
136011,
136012,
136013,
136015,
136017,
136019,
136021,
136023,
136024,
136025,
136026,
136027,
136028,
136029,
136030,
136031,
136033,
136034,
136035,
136036,
136038,
136039,
136040,
136044,
136045,
136047,
136048,
136049,
136050,
136051,
136052,
136053,
136054,
136055,
136104,
136105,
136106,
136107,
136108,
136109,
136110,
136111,
136112,
136113,
136114,
136115,
136116,
136117,
136118,
136119,
136120,
136121,
136122,
136123,
136124,
136125,
136126,
136127,
136140,
136141,
136143,
136144,
136145,
136147,
136148,
136149,
136150,
136151,
136214,
136215,
136216,
136218,
136219,
136220,
136221,
136222,
136223,
136224,
136225,
136226,
136227,
136228,
136229,
136230,
136231,
136232,
136233,
136234,
136235,
136236,
136237,
136238,
136239,
136240,
136241,
136242,
136243,
136244,
136245,
136246,
136247,
136248,
136249,
136250,
136251,
136252,
136253,
136254,
136255,
136256,
136257,
136258,
136259,
136260,
136261,
136262,
136263,
136264,
136265,
136266,
136267,
136268,
136270,
136271,
136273,
136274,
136276,
136277,
136278,
136279,
136280,
136281,
136282,
136283,
136284,
136285,
136287,
136288,
136289,
136290,
136291,
136292,
136293,
136294,
136295,
136296,
136298,
136299,
136300,
136301,
136302,
136303,
136304,
136305,
136306,
136307,
136308,
136310,
136311,
136313,
136314,
136315,
136316,
136317,
136319,
136332,
136333,
136334,
136335,
136336,
136337,
136341,
136342,
136343,
136368,
136369,
136370,
136371,
136372,
136374,
136375,
136376,
136377,
136378,
136380,
136381,
136382,
136383,
136384,
136385,
136386,
136387,
136388,
136389,
136391,
136392,
136393,
136394,
136395,
136396,
136397,
136398,
136400,
136401,
136402,
136403,
136416,
136417,
136419,
136421,
136422,
136423,
136424,
136425,
136426,
136427,
136428,
136429,
136431,
136432,
136433,
136434,
136435,
136437,
136438,
136439,
136440,
136441,
136442,
136443,
136444,
136445,
136446,
136447,
136448,
136452,
136453,
136454,
136455,
136456,
136457,
136458,
136459,
136460,
136461,
136462,
136463,
136512,
136513,
136514,
136515,
136519,
136521,
136523,
136524,
136525,
136526,
136527,
136528,
136529,
136530,
136531,
136532,
136533,
136534,
136535,
136548,
136549,
136550,
136552,
136553,
136554,
136555,
136556,
136557,
136558,
136559,
136622,
136623,
136624,
136626,
136627,
136628,
136629,
136630,
136631,
136632,
136633,
136634,
136635,
136636,
136637,
136638,
136639,
136640,
136641,
136642,
136643,
136644,
136645,
136646,
136647,
136648,
136649,
136650,
136651,
136652,
136653,
136654,
136655,
136656,
136657,
136658,
136659,
136660,
136661,
136662,
136663,
136664,
136665,
136666,
136667,
136668,
136669,
136670,
136672,
136673,
136674,
136675,
136676,
136677,
136678,
136679,
136680,
136681,
136683,
136684,
136685,
136686,
136688,
136689,
136690,
136692,
136693,
136695,
136696,
136697,
136698,
136701,
136704,
136705,
136706,
136707,
136709,
136710,
136711,
136712,
136713,
136714,
136715,
136716,
136717,
136718,
136720,
136721,
136722,
136723,
136725,
136726,
136727,
136740,
136741,
136743,
136744,
136745,
136749,
136750,
136751,
136776,
136777,
136778,
136779,
136780,
136781,
136782,
136783,
136784,
136785,
136786,
136787,
136788,
136789,
136790,
136791,
136793,
136794,
136795,
136796,
136797,
136798,
136799,
136800,
136801,
136802,
136803,
136804,
136806,
136807,
136808,
136809,
136811,
136824,
136826,
136827,
136828,
136829,
136830,
136831,
136832,
136833,
136834,
136835,
136836,
136837,
136838,
136839,
136840,
136841,
136842,
136843,
136844,
136845,
136846,
136847,
136848,
136849,
136850,
136851,
136852,
136853,
136854,
136856,
136860,
136861,
136862,
136863,
136864,
136865,
136866,
136867,
136868,
136869,
136870,
136871,
136920,
136921,
136922,
136923,
136924,
136925,
136926,
136927,
136928,
136929,
136930,
136931,
136932,
136933,
136934,
136935,
136936,
136937,
136938,
136939,
136940,
136941,
136942,
136943,
136956,
136960,
136961,
136962,
136963,
136965,
136966,
136967,
137030,
137031,
137032,
137034,
137035,
137036,
137037,
137038,
137039,
137040,
137041,
137042,
137043,
137044,
137045,
137046,
137047,
137048,
137049,
137050,
137051,
137052,
137053,
137054,
137055,
137056,
137057,
137058,
137059,
137060,
137061,
137062,
137063,
137064,
137065,
137066,
137067,
137068,
137069,
137070,
137071,
137072,
137073,
137074,
137075,
137076,
137077,
137078,
137079,
137080,
137081,
137082,
137083,
137084,
137085,
137086,
137087,
137088,
137090,
137091,
137092,
137093,
137094,
137095,
137096,
137097,
137098,
137099,
137100,
137101,
137102,
137103,
137104,
137105,
137106,
137107,
137108,
137109,
137110,
137111,
137118,
137119,
137120,
137121,
137122,
137123,
137124,
137125,
137126,
137127,
137128,
137129,
137130,
137131,
137132,
137133,
137134,
137135,
137136,
137137,
137138,
137140,
137141,
137142,
137143,
137144,
137145,
137146,
137147,
137148,
137149,
137150,
137151,
137152,
137153,
137154,
137155,
137156,
137158,
137159,
137160,
137161,
137162,
137163,
137164,
137165,
137166,
137167,
137168,
137169,
137170,
137171,
137172,
137173,
137174,
137175,
137176,
137177,
137178,
137179,
137180,
137181,
137182,
137183,
137184,
137185,
137186,
137187,
137188,
137189,
137190,
137191,
137193,
137194,
137195,
137208,
137209,
137210,
137211,
137212,
137214,
137215,
137216,
137217,
137218,
137219,
137220,
137221,
137222,
137223,
137224,
137225,
137226,
137227,
137228,
137229,
137230,
137231,
137232,
137233,
137234,
137236,
137237,
137238,
137239,
137240,
137241,
137242,
137243,
137244,
137245,
137246,
137247,
137248,
137249,
137250,
137251,
137252,
137253,
137254,
137255,
137262,
137263,
137264,
137265,
137266,
137267,
137268,
137269,
137270,
137271,
137272,
137273,
137274,
137275,
137276,
137277,
137278,
137279,
137280,
137281,
137282,
137284,
137285,
137286,
137287,
137288,
137289,
137290,
137291,
137292,
137293,
137294,
137295,
137296,
137297,
137298,
137299,
137300,
137301,
137302,
137303,
137304,
137305,
137306,
137307,
137308,
137309,
137310,
137311,
137312,
137313,
137314,
137315,
137316,
137317,
137318,
137319,
137320,
137321,
137322,
137324,
137328,
137329,
137330,
137331,
137332,
137333,
137334,
137335,
137336,
137337,
137338,
137339,
137340,
137341,
137342,
137343,
137344,
137345,
137346,
137347,
137348,
137349,
137350,
137351,
137354,
137355,
137357,
137358,
137359,
137361,
137362,
137363,
137364,
137365,
137366,
137367,
137369,
137371,
137372,
137373,
137376,
137377,
137378,
137379,
137380,
137381,
137382,
137383,
137384,
137385,
137386,
137387,
137388,
137389,
137390,
137391,
137392,
137393,
137394,
137395,
137396,
137397,
137398,
137399,
137438,
137439,
137440,
137441,
137442,
137443,
137444,
137445,
137446,
137447,
137448,
137449,
137450,
137451,
137452,
137453,
137454,
137455,
137456,
137457,
137458,
137459,
137460,
137461,
137462,
137463,
137464,
137465,
137466,
137467,
137468,
137469,
137470,
137471,
137472,
137473,
137474,
137475,
137476,
137477,
137478,
137479,
137480,
137481,
137482,
137483,
137496,
137497,
137498,
137499,
137500,
137501,
137502,
137503,
137504,
137506,
137507,
137508,
137509,
137510,
137511,
137512,
137513,
137514,
137515,
137516,
137517,
137518,
137519,
137526,
137527,
137528,
137529,
137530,
137531,
137533,
137534,
137535,
137536,
137538,
137539,
137540,
137541,
137542,
137543,
137544,
137545,
137546,
137547,
137548,
137549,
137550,
137551,
137552,
137553,
137555,
137556,
137557,
137558,
137559,
137560,
137561,
137562,
137563,
137564,
137565,
137566,
137567,
137568,
137569,
137570,
137571,
137572,
137573,
137574,
137575,
137576,
137577,
137578,
137579,
137580,
137581,
137582,
137583,
137584,
137585,
137586,
137588,
137589,
137590,
137591,
137592,
137593,
137594,
137595,
137597,
137598,
137599,
137600,
137601,
137602,
137603,
137616,
137617,
137618,
137619,
137620,
137621,
137622,
137623,
137624,
137625,
137626,
137627,
137628,
137630,
137631,
137632,
137633,
137634,
137635,
137636,
137637,
137639,
137640,
137642,
137643,
137644,
137645,
137646,
137647,
137648,
137649,
137650,
137651,
137652,
137653,
137654,
137655,
137656,
137657,
137658,
137659,
137660,
137661,
137662,
137663,
137670,
137671,
137673,
137674,
137675,
137676,
137677,
137678,
137679,
137680,
137681,
137682,
137683,
137684,
137685,
137686,
137687,
137688,
137689,
137690,
137691,
137692,
137693,
137694,
137695,
137696,
137697,
137698,
137700,
137701,
137702,
137705,
137706,
137707,
137708,
137710,
137711,
137712,
137713,
137714,
137715,
137716,
137717,
137718,
137719,
137720,
137721,
137722,
137723,
137724,
137725,
137726,
137727,
137728,
137729,
137730,
137731,
137732,
137736,
137737,
137738,
137739,
137740,
137741,
137742,
137743,
137744,
137745,
137746,
137747,
137748,
137749,
137750,
137751,
137752,
137753,
137754,
137755,
137756,
137757,
137758,
137759,
137760,
137761,
137762,
137765,
137766,
137767,
137768,
137769,
137770,
137771,
137772,
137773,
137774,
137775,
137776,
137779,
137780,
137781,
137782,
137784,
137785,
137786,
137787,
137788,
137789,
137790,
137791,
137792,
137793,
137794,
137795,
137796,
137797,
137798,
137799,
137800,
137801,
137802,
137803,
137804,
137805,
137806,
137807,
137846,
137848,
137849,
137850,
137851,
137852,
137853,
137854,
137855,
137856,
137857,
137858,
137859,
137860,
137861,
137862,
137863,
137864,
137865,
137866,
137867,
137868,
137869,
137870,
137871,
137872,
137873,
137874,
137875,
137876,
137877,
137878,
137879,
137880,
137881,
137882,
137883,
137884,
137885,
137886,
137887,
137888,
137889,
137890,
137891,
137905,
137906,
137908,
137909,
137910,
137911,
137912,
137913,
137914,
137915,
137916,
137917,
137918,
137919,
137920,
137921,
137922,
137923,
137924,
137925,
137926,
137927,
137934,
137935,
137936,
137937,
137938,
137939,
137940,
137941,
137942,
137943,
137944,
137946,
137947,
137949,
137950,
137951,
137952,
137954,
137955,
137956,
137958,
137959,
137960,
137961,
137962,
137963,
137964,
137966,
137967,
137969,
137970,
137971,
137972,
137973,
137974,
137976,
137977,
137978,
137979,
137980,
137981,
137982,
137983,
137984,
137985,
137986,
137987,
137988,
137989,
137990,
137991,
137992,
137993,
137994,
137995,
137996,
137997,
137998,
137999,
138000,
138001,
138002,
138003,
138004,
138005,
138006,
138007,
138008,
138009,
138010,
138011,
138024,
138026,
138027,
138028,
138029,
138030,
138031,
138032,
138033,
138034,
138035,
138037,
138038,
138039,
138041,
138042,
138044,
138045,
138046,
138047,
138048,
138049,
138050,
138052,
138053,
138054,
138055,
138056,
138057,
138058,
138059,
138060,
138061,
138062,
138063,
138064,
138065,
138066,
138067,
138068,
138069,
138070,
138071,
138078,
138079,
138080,
138081,
138082,
138083,
138084,
138085,
138086,
138087,
138088,
138089,
138090,
138091,
138092,
138093,
138094,
138095,
138096,
138097,
138098,
138099,
138100,
138101,
138102,
138103,
138105,
138107,
138109,
138110,
138111,
138112,
138113,
138114,
138115,
138116,
138117,
138118,
138119,
138120,
138122,
138123,
138124,
138125,
138126,
138127,
138128,
138129,
138130,
138131,
138132,
138133,
138134,
138136,
138137,
138139,
138144,
138145,
138146,
138147,
138148,
138149,
138150,
138151,
138152,
138153,
138154,
138155,
138156,
138157,
138158,
138159,
138160,
138161,
138162,
138163,
138164,
138165,
138166,
138167,
138168,
138169,
138170,
138171,
138172,
138173,
138175,
138176,
138177,
138178,
138179,
138180,
138181,
138182,
138183,
138184,
138185,
138186,
138188,
138189,
138190,
138191,
138192,
138193,
138194,
138195,
138196,
138197,
138198,
138199,
138200,
138201,
138202,
138203,
138204,
138205,
138206,
138207,
138208,
138209,
138210,
138211,
138212,
138213,
138214,
138215,
138255,
138256,
